-9984.72,7.69999,-1.40528e-10,-9983.05,7.69999,-1.97799e-08,-9981.38,7.69999,-1.34504e-11,-9979.72,7.69999,-1.95396e-07,-9978.05,7.69999,-2.19151e-07,-9976.38,7.69998,-2.12691e-06,-9974.72,7.69998,-4.55434e-06,-9973.05,7.69995,-2.56983e-05,-9971.38,7.69991,-1.35299e-05,-9969.72,7.69989,-1.1231e-05,-9968.05,7.69987,-9.28633e-06,
-9984.72,7.69999,-1.40528e-10,-9983.05,7.69999,-1.97799e-08,-9981.38,7.69999,-1.66015e-08,-9979.72,7.69999,-2.4838e-09,-9978.05,7.69999,-1.76868e-07,-9976.38,7.69999,-2.65791e-07,-9974.72,7.69998,-2.12007e-06,-9973.05,7.69998,-4.49854e-06,-9971.38,7.69995,-2.40671e-05,-9969.72,7.69991,-2.12055e-05,-9968.05,7.69987,-1.24751e-05,-9966.38,7.69985,-6.40902e-06,
-9982.42,7.69999,-1.51996e-10,-9980.75,7.69999,-1.98185e-08,-9979.09,7.69999,-3.67363e-10,-9977.42,7.69999,-1.94688e-07,-9975.75,7.69999,-2.20882e-07,-9974.09,7.69999,-2.12813e-06,-9972.42,7.69998,-4.56402e-06,-9970.75,7.69995,-2.55588e-05,-9969.09,7.69991,-1.29868e-05,-9967.42,7.69989,-1.1299e-05,-9965.75,7.69987,-9.55996e-06,
-9982.42,7.69999,-1.51996e-10,-9980.75,7.69999,-1.98185e-08,-9979.09,7.69999,-1.93095e-08,-9977.42,7.69999,2.50133e-11,-9975.75,7.69999,-1.90727e-07,-9974.09,7.69999,-2.17439e-07,-9972.42,7.69999,-2.09347e-06,-9970.75,7.69998,-4.49511e-06,-9969.09,7.69995,-2.51153e-05,-9967.42,7.69991,-1.26367e-05,-9965.75,7.69989,-1.09981e-05,-9964.09,7.69987,-9.27938e-06,
-9982.42,7.69999,-1.51996e-10,-9980.75,7.69999,-1.98185e-08,-9979.09,7.69999,-1.93095e-08,-9977.42,7.69999,-1.8552e-08,-9975.75,7.69999,9.05402e-12,-9974.09,7.69999,-1.83328e-07,-9972.42,7.69999,-2.09459e-07,-9970.75,7.69999,-2.0144e-06,-9969.09,7.69998,-4.32798e-06,-9967.42,7.69995,-2.40857e-05,-9965.75,7.69992,-1.19487e-05,-9964.09,7.6999,-1.08441e-05,-9962.42,7.69988,-9.25638e-06,
-9978.66,7.69999,-1.68181e-10,-9977,7.69999,-1.77949e-08,-9975.33,7.69999,-3.27142e-11,-9973.66,7.69999,-1.74976e-07,-9972,7.69999,-1.94452e-07,-9970.33,7.69999,-1.89076e-06,-9968.66,7.69998,-4.0094e-06,-9967,7.69995,-2.29797e-05,-9965.33,7.69992,-1.15416e-05,-9963.66,7.6999,-9.39032e-06,-9962,7.69988,-7.95727e-06,
-9978.66,7.69999,-1.68181e-10,-9977,7.69999,-1.77949e-08,-9975.33,7.69999,-1.96459e-08,-9973.66,7.69999,-1.17722e-11,-9972,7.69999,-1.93652e-07,-9970.33,7.69999,-2.17729e-07,-9968.66,7.69999,-2.10828e-06,-9967,7.69998,-4.4947e-06,-9965.33,7.69995,-2.55467e-05,-9963.66,7.69991,-1.3519e-05,-9962,7.69989,-1.2698e-05,-9960.33,7.69986,-1.05061e-05,
-9978.66,7.69999,-1.68181e-10,-9977,7.69999,-1.77949e-08,-9975.33,7.69999,-1.96459e-08,-9973.66,7.69999,-1.81705e-08,-9972,7.69999,-1.90265e-11,-9970.33,7.69999,-1.79165e-07,-9968.66,7.69999,-2.00862e-07,-9967,7.69999,-1.94725e-06,-9965.33,7.69998,-4.1494e-06,-9963.66,7.69995,-2.36402e-05,-9962,7.69992,-1.27248e-05,-9960.33,7.69989,-1.17045e-05,-9958.66,7.69987,-9.58146e-06,
-9977,7.69999,-1.77949e-08,-9975.33,7.69999,-1.96459e-08,-9973.66,7.69999,-1.81705e-08,-9972,7.69999,-2.0182e-08,-9970.33,7.69999,-1.18179e-12,-9968.66,7.69999,-1.99771e-07,-9967,7.69999,-2.25157e-07,-9965.33,7.69999,-2.18008e-06,-9963.66,7.69998,-4.5914e-06,-9962,7.69995,-2.6031e-05,-9960.33,7.69991,-1.4631e-05,-9958.66,7.69988,-1.33825e-05,-9957,7.69986,-1.07403e-05,
-9973.12,7.7,-1.84573e-10,-9971.46,7.7,-1.0745e-08,-9969.79,7.7,8.96937e-10,-9968.12,7.69999,-1.02052e-07,-9966.46,7.69999,-9.77603e-08,-9964.79,7.69999,-1.07761e-06,-9963.12,7.69999,-2.15521e-06,-9961.46,7.69998,-1.30283e-05,-9959.79,7.69996,-4.99135e-06,-9958.12,7.69995,-7.07409e-06,-9956.46,7.69993,-6.84428e-06,
-9973.12,7.7,-1.84573e-10,-9971.46,7.7,-1.0745e-08,-9969.79,7.7,-1.05439e-08,-9968.12,7.7,-2.72244e-10,-9966.46,7.69999,-1.00721e-07,-9964.79,7.69999,-1.01799e-07,-9963.12,7.69999,-1.04382e-06,-9961.46,7.69999,-2.11971e-06,-9959.79,7.69998,-1.27209e-05,-9958.12,7.69996,-4.93882e-06,-9956.46,7.69995,-6.63711e-06,-9954.79,7.69993,-6.36078e-06,
-9973.12,7.7,-1.84573e-10,-9971.46,7.7,-1.0745e-08,-9969.79,7.7,-1.05439e-08,-9968.12,7.69999,-1.06161e-08,-9966.46,7.7,-7.93144e-10,-9964.79,7.69999,-1.01109e-07,-9963.12,7.69999,-1.06801e-07,-9961.46,7.69999,-1.04837e-06,-9959.79,7.69999,-2.17442e-06,-9958.12,7.69998,-1.27735e-05,-9956.46,7.69996,-5.80795e-06,-9954.79,7.69995,-6.95407e-06,-9953.12,7.69993,-6.27768e-06,
-9971.46,7.7,-1.0745e-08,-9969.79,7.7,-1.05439e-08,-9968.12,7.69999,-1.06161e-08,-9966.46,7.69999,-9.75263e-09,-9964.79,7.69999,4.56662e-11,-9963.12,7.69999,-9.47135e-08,-9961.46,7.69999,-9.34133e-08,-9959.79,7.69999,-9.73722e-07,-9958.12,7.69999,-1.97692e-06,-9956.46,7.69998,-1.15851e-05,-9954.79,7.69996,-3.89853e-06,-9953.12,7.69995,-5.7722e-06,-9951.46,7.69994,-5.80584e-06,
-9969.79,7.7,-1.05439e-08,-9968.12,7.69999,-1.06161e-08,-9966.46,7.69999,-9.75263e-09,-9964.79,7.69999,-1.02308e-08,-9963.12,7.69999,-5.52081e-12,-9961.46,7.69999,-1.00651e-07,-9959.79,7.69999,-1.0627e-07,-9958.12,7.69999,-1.04562e-06,-9956.46,7.69999,-2.13761e-06,-9954.79,7.69998,-1.27056e-05,-9953.12,7.69996,-5.39516e-06,-9951.46,7.69995,-6.74624e-06,-9949.79,7.69993,-6.25823e-06,
-9968.12,7.69999,-1.06161e-08,-9966.46,7.69999,-9.75263e-09,-9964.79,7.69999,-1.02308e-08,-9963.12,7.69999,-1.03659e-08,-9961.46,7.69999,4.19674e-10,-9959.79,7.69999,-1.018e-07,-9958.12,7.69999,-1.06182e-07,-9956.46,7.69999,-1.04698e-06,-9954.79,7.69999,-2.10043e-06,-9953.12,7.69998,-1.27203e-05,-9951.46,7.69996,-4.72635e-06,-9949.79,7.69995,-6.62197e-06,-9948.12,7.69993,-6.44853e-06,
-9966.46,7.69999,-9.75263e-09,-9964.79,7.69999,-1.02308e-08,-9963.12,7.69999,-1.03659e-08,-9961.46,7.69999,-1.02609e-08,-9959.79,7.69999,-1.10737e-10,-9958.12,7.69999,-9.97687e-08,-9956.46,7.69999,-1.03251e-07,-9954.79,7.69999,-1.03226e-06,-9953.12,7.69999,-2.10189e-06,-9951.46,7.69998,-1.25326e-05,-9949.79,7.69996,-5.08004e-06,-9948.12,7.69995,-6.57616e-06,-9946.46,7.69993,-6.20581e-06,
-9964.79,7.69999,-1.02308e-08,-9963.12,7.69999,-1.03659e-08,-9961.46,7.69999,-1.02609e-08,-9959.79,7.69999,-1.02092e-08,-9958.12,7.69999,4.77395e-10,-9956.46,7.69999,-9.85059e-08,-9954.79,7.69999,-9.67064e-08,-9953.12,7.69999,-1.00905e-06,-9951.46,7.69999,-2.02253e-06,-9949.79,7.69998,-1.22053e-05,-9948.12,7.69996,-4.4017e-06,-9946.46,7.69995,-5.84166e-06,-9944.79,7.69994,-5.7762e-06,
-9963.12,7.69999,-1.03659e-08,-9961.46,7.69999,-1.02609e-08,-9959.79,7.69999,-1.02092e-08,-9958.12,7.69999,-1.06322e-08,-9956.46,7.69999,2.69371e-10,-9954.79,7.69999,-1.02871e-07,-9953.12,7.69999,-9.88756e-08,-9951.46,7.69999,-1.06283e-06,-9949.79,7.69999,-2.11223e-06,-9948.12,7.69998,-1.29166e-05,-9946.46,7.69996,-4.32556e-06,-9944.79,7.69995,-6.15589e-06,-9943.12,7.69994,-6.23436e-06,
-9961.46,7.69999,-1.02609e-08,-9959.79,7.69999,-1.02092e-08,-9958.12,7.69999,-1.06322e-08,-9956.46,7.69999,-1.01917e-08,-9954.79,7.69999,-1.32584e-10,-9953.12,7.69999,-9.86821e-08,-9951.46,7.69999,-9.48491e-08,-9949.79,7.69999,-1.00194e-06,-9948.12,7.69999,-2.0192e-06,-9946.46,7.69998,-1.2009e-05,-9944.79,7.69996,-4.1603e-06,-9943.12,7.69995,-5.82269e-06,-9941.46,7.69994,-5.81648e-06,
-9959.79,7.69999,-1.02092e-08,-9958.12,7.69999,-1.06322e-08,-9956.46,7.69999,-1.01917e-08,-9954.79,7.69999,-1.09271e-08,-9953.12,7.69999,5.89757e-10,-9951.46,7.69999,-1.05843e-07,-9949.79,7.69999,-9.59203e-08,-9948.12,7.69999,-1.0557e-06,-9946.46,7.69999,-2.07219e-06,-9944.79,7.69998,-1.27033e-05,-9943.12,7.69996,-3.99902e-06,-9941.46,7.69995,-5.99298e-06,-9939.79,7.69994,-6.19167e-06,
-9958.12,7.69999,-1.06322e-08,-9956.46,7.69999,-1.01917e-08,-9954.79,7.69999,-1.09271e-08,-9953.12,7.69999,-1.01516e-08,-9951.46,7.69999,4.90318e-10,-9949.79,7.69999,-9.79137e-08,-9948.12,7.69999,-1.05687e-07,-9946.46,7.69999,-1.05092e-06,-9944.79,7.69999,-2.14924e-06,-9943.12,7.69998,-1.27547e-05,-9941.46,7.69996,-5.24131e-06,-9939.79,7.69995,-6.87427e-06,-9938.12,7.69993,-6.44988e-06,
-9956.46,7.69999,-1.01917e-08,-9954.79,7.69999,-1.09271e-08,-9953.12,7.69999,-1.01516e-08,-9951.46,7.69999,-1.05552e-08,-9949.79,7.69999,-5.90819e-11,-9948.12,7.69999,-9.97772e-08,-9946.46,7.69999,-1.02681e-07,-9944.79,7.69999,-1.05998e-06,-9943.12,7.69999,-2.13904e-06,-9941.46,7.69998,-1.27882e-05,-9939.79,7.69996,-5.06326e-06,-9938.12,7.69995,-6.96507e-06,-9936.46,7.69993,-6.62193e-06,
-9954.79,7.69999,-1.09271e-08,-9953.12,7.69999,-1.01516e-08,-9951.46,7.69999,-1.05552e-08,-9949.79,7.69999,-1.03932e-08,-9948.12,7.69999,-1.59134e-09,-9946.46,7.69999,-1.02773e-07,-9944.79,7.69999,-1.21993e-07,-9943.12,7.69999,-1.07569e-06,-9941.46,7.69999,-2.38305e-06,-9939.79,7.69998,-1.33411e-05,-9938.12,7.69995,-7.80111e-06,-9936.46,7.69994,-7.76548e-06,-9934.79,7.69992,-6.24992e-06,
-9953.12,7.69999,-1.01516e-08,-9951.46,7.69999,-1.05552e-08,-9949.79,7.69999,-1.03932e-08,-9948.12,7.69999,-1.00029e-08,-9946.46,7.69999,2.75028e-10,-9944.79,7.69999,-9.76462e-08,-9943.12,7.69999,-1.0331e-07,-9941.46,7.69999,-1.02465e-06,-9939.79,7.69999,-2.10747e-06,-9938.12,7.69998,-1.24853e-05,-9936.46,7.69996,-5.35024e-06,-9934.79,7.69995,-6.73804e-06,-9933.12,7.69993,-6.22659e-06,
-9951.46,7.69999,-1.05552e-08,-9949.79,7.69999,-1.03932e-08,-9948.12,7.69999,-1.00029e-08,-9946.46,7.69999,-1.07427e-08,-9944.79,7.69999,-8.75305e-10,-9943.12,7.69999,-1.02312e-07,-9941.46,7.69999,-1.02749e-07,-9939.79,7.69999,-1.04485e-06,-9938.12,7.69999,-2.10635e-06,-9936.46,7.69998,-1.26762e-05,-9934.79,7.69996,-4.99388e-06,-9933.12,7.69995,-6.77811e-06,-9931.46,7.69993,-6.45952e-06,
-9949.79,7.69999,-1.03932e-08,-9948.12,7.69999,-1.00029e-08,-9946.46,7.69999,-1.07427e-08,-9944.79,7.69999,-4.34613e-08,-9943.12,7.69999,-2.2523e-11,-9941.46,7.69999,-4.37798e-07,-9939.79,7.69999,-4.91656e-07,-9938.12,7.69999,-4.54057e-06,-9936.46,7.69998,-4.69609e-06,-9934.79,7.69994,-3.48311e-05,-9933.12,7.69988,-2.51673e-05,-9931.46,7.69984,-1.39463e-05,-9929.79,7.69982,-8.23244e-06,
-9948.12,7.69999,-1.00029e-08,-9946.46,7.69999,-1.07427e-08,-9944.79,7.69999,-4.34613e-08,-9943.12,7.69999,-1.02992e-08,-9941.46,7.69999,-3.3932e-11,-9939.79,7.69999,-1.00122e-07,-9938.12,7.69999,-1.00643e-07,-9936.46,7.69999,-1.0248e-06,-9934.79,7.69999,-2.07576e-06,-9933.12,7.69998,-1.24497e-05,-9931.46,7.69996,-4.75932e-06,-9929.79,7.69995,-5.94852e-06,-9928.12,7.69994,-5.63031e-06,
-9946.46,7.69999,-1.07427e-08,-9944.79,7.69999,-4.34613e-08,-9943.12,7.69999,-1.02992e-08,-9941.46,7.69999,-8.68346e-09,-9939.79,7.69999,3.12715e-10,-9938.12,7.69999,-8.46988e-08,-9936.46,7.69999,-8.49197e-08,-9934.79,7.69999,-8.73311e-07,-9933.12,7.69999,-1.77709e-06,-9931.46,7.69998,-1.06328e-05,-9929.79,7.69996,-4.43661e-06,-9928.12,7.69995,-6.46291e-06,-9926.46,7.69994,-6.01115e-06,
-9944.79,7.69999,-4.34613e-08,-9943.12,7.69999,-1.02992e-08,-9941.46,7.69999,-8.68346e-09,-9939.79,7.69999,-9.99582e-09,-9938.12,7.69999,8.05908e-11,-9936.46,7.69999,-9.80435e-08,-9934.79,7.69999,-1.0289e-07,-9933.12,7.69999,-1.01449e-06,-9931.46,7.69999,-2.07403e-06,-9929.79,7.69998,-1.23427e-05,-9928.12,7.69996,-5.09736e-06,-9926.46,7.69995,-6.56603e-06,-9924.79,7.69994,-6.1552e-06,
-9943.12,7.69999,-1.02992e-08,-9941.46,7.69999,-8.68346e-09,-9939.79,7.69999,-9.99582e-09,-9938.12,7.69999,-1.01238e-08,-9936.46,7.69999,1.36159e-10,-9934.79,7.69999,-9.92811e-08,-9933.12,7.69999,-1.01553e-07,-9931.46,7.69999,-1.02525e-06,-9929.79,7.69999,-2.09546e-06,-9928.12,7.69998,-1.24893e-05,-9926.46,7.69996,-5.0866e-06,-9924.79,7.69995,-6.60154e-06,-9923.12,7.69993,-6.21646e-06,
-9941.46,7.69999,-8.68346e-09,-9939.79,7.69999,-9.99582e-09,-9938.12,7.69999,-1.01238e-08,-9936.46,7.69999,-1.00586e-08,-9934.79,7.69999,4.43384e-11,-9933.12,7.69999,-9.84152e-08,-9931.46,7.69999,-1.02299e-07,-9929.79,7.69999,-1.02169e-06,-9928.12,7.69999,-2.08516e-06,-9926.46,7.69998,-1.24197e-05,-9924.79,7.69996,-5.13163e-06,-9923.12,7.69995,-6.55372e-06,-9921.46,7.69993,-6.13754e-06,
-9939.79,7.69999,-9.99582e-09,-9938.12,7.69999,-1.01238e-08,-9936.46,7.69999,-1.00586e-08,-9934.79,7.69999,-1.02543e-08,-9933.12,7.69999,-1.46671e-10,-9931.46,7.69999,-9.94181e-08,-9929.79,7.69999,-1.03826e-07,-9928.12,7.69999,-1.03175e-06,-9926.46,7.69999,-2.1185e-06,-9924.79,7.69998,-1.258e-05,-9923.12,7.69996,-5.0419e-06,-9921.46,7.69995,-6.23826e-06,-9919.79,7.69994,-5.9186e-06,
-9938.12,7.69999,-1.01238e-08,-9936.46,7.69999,-1.00586e-08,-9934.79,7.69999,-1.02543e-08,-9933.12,7.69999,-1.0562e-08,-9931.46,7.69999,5.57668e-10,-9929.79,7.69999,-1.01661e-07,-9928.12,7.69999,-9.69328e-08,-9926.46,7.69999,-1.04989e-06,-9924.79,7.69999,-2.07803e-06,-9923.12,7.69998,-1.26686e-05,-9921.46,7.69996,-4.44607e-06,-9919.79,7.69995,-6.18383e-06,-9918.12,7.69994,-6.15674e-06,
-9936.46,7.69999,-1.00586e-08,-9934.79,7.69999,-1.02543e-08,-9933.12,7.69999,-1.0562e-08,-9931.46,7.69999,-1.07663e-08,-9929.79,7.69999,4.29971e-10,-9928.12,7.69999,-1.02992e-07,-9926.46,7.69999,-9.83951e-08,-9924.79,7.69999,-1.06531e-06,-9923.12,7.69999,-2.09699e-06,-9921.46,7.69998,-1.28567e-05,-9919.79,7.69996,-4.17684e-06,-9918.12,7.69995,-6.21475e-06,-9916.46,7.69994,-6.33917e-06,
-9934.79,7.69999,-1.02543e-08,-9933.12,7.69999,-1.0562e-08,-9931.46,7.69999,-1.07663e-08,-9929.79,7.69999,-1.02244e-08,-9928.12,7.69999,4.65519e-10,-9926.46,7.69999,-1.00046e-07,-9924.79,7.69999,-1.00272e-07,-9923.12,7.69999,-1.03954e-06,-9921.46,7.69999,-2.10014e-06,-9919.79,7.69998,-1.26363e-05,-9918.12,7.69996,-4.92291e-06,-9916.46,7.69995,-6.11562e-06,-9914.79,7.69994,-5.86462e-06,
-9933.12,7.69999,-1.0562e-08,-9931.46,7.69999,-1.07663e-08,-9929.79,7.69999,-1.02244e-08,-9928.12,7.69999,-2.19494e-08,-9926.46,7.69999,1.04512e-10,-9924.79,7.69999,-2.14899e-07,-9923.12,7.69999,-2.22705e-07,-9921.46,7.69999,-2.25645e-06,-9919.79,7.69999,-4.53085e-06,-9918.12,7.69996,-2.68742e-05,-9916.46,7.69991,-1.20582e-05,-9914.79,7.69989,-1.05257e-05,-9913.12,7.69987,-9.53764e-06,
-9931.46,7.69999,-1.07663e-08,-9929.79,7.69999,-1.02244e-08,-9928.12,7.69999,-2.19494e-08,-9926.46,7.69999,-1.06092e-08,-9924.79,7.69999,-4.20868e-10,-9923.12,7.69999,-1.01173e-07,-9921.46,7.69999,-1.00967e-07,-9919.79,7.69999,-1.03352e-06,-9918.12,7.69999,-2.08371e-06,-9916.46,7.69998,-1.25143e-05,-9914.79,7.69996,-4.81844e-06,-9913.12,7.69995,-6.05528e-06,-9911.46,7.69994,-5.79051e-06,
-9929.79,7.69999,-1.02244e-08,-9928.12,7.69999,-2.19494e-08,-9926.46,7.69999,-1.06092e-08,-9924.79,7.69999,-1.03069e-08,-9923.12,7.69999,6.7754e-12,-9921.46,7.69999,-9.94666e-08,-9919.79,7.69999,-1.00222e-07,-9918.12,7.69999,-1.03092e-06,-9916.46,7.69999,-2.08765e-06,-9914.79,7.69998,-1.2512e-05,-9913.12,7.69996,-4.9452e-06,-9911.46,7.69995,-6.13037e-06,-9909.79,7.69994,-5.84598e-06,
-9928.12,7.69999,-2.19494e-08,-9926.46,7.69999,-1.06092e-08,-9924.79,7.69999,-1.03069e-08,-9923.12,7.69999,-1.06775e-08,-9921.46,7.69999,3.36503e-10,-9919.79,7.69999,-9.69708e-08,-9918.12,7.69999,-7.76892e-08,-9916.46,7.69999,-9.83429e-07,-9914.79,7.69999,-1.87391e-06,-9913.12,7.69998,-1.17427e-05,-9911.46,7.69996,-3.0857e-06,-9909.79,7.69995,-6.02306e-06,-9908.12,7.69994,-6.45752e-06,
-9926.46,7.69999,-1.06092e-08,-9924.79,7.69999,-1.03069e-08,-9923.12,7.69999,-1.06775e-08,-9921.46,7.69999,-1.04462e-08,-9919.79,7.69999,-2.39138e-10,-9918.12,7.69999,-1.00352e-07,-9916.46,7.69999,-1.01026e-07,-9914.79,7.69999,-1.03292e-06,-9913.12,7.69999,-2.08826e-06,-9911.46,7.69998,-1.2528e-05,-9909.79,7.69996,-4.97207e-06,-9908.12,7.69995,-6.12071e-06,-9906.46,7.69994,-5.82767e-06,
-9924.79,7.69999,-1.03069e-08,-9923.12,7.69999,-1.06775e-08,-9921.46,7.69999,-1.04462e-08,-9919.79,7.69999,-1.0351e-08,-9918.12,7.69999,4.23464e-10,-9916.46,7.69999,-9.97529e-08,-9914.79,7.69999,-9.58043e-08,-9913.12,7.69999,-1.02532e-06,-9911.46,7.69999,-2.05541e-06,-9909.79,7.69998,-1.24203e-05,-9908.12,7.69996,-4.63768e-06,-9906.46,7.69995,-6.03564e-06,-9904.79,7.69994,-5.88068e-06,
-9923.12,7.69999,-1.06775e-08,-9921.46,7.69999,-1.04462e-08,-9919.79,7.69999,-1.0351e-08,-9918.12,7.69999,-6.76141e-09,-9916.46,7.69999,-7.15321e-10,-9914.79,7.69999,-6.48893e-08,-9913.12,7.69999,-6.90449e-08,-9911.46,7.69999,-6.65704e-07,-9909.79,7.69999,-1.36406e-06,-9908.12,7.69998,-8.07605e-06,-9906.46,7.69997,-3.87769e-06,-9904.79,7.69996,-6.19147e-06,-9903.12,7.69995,-5.4766e-06,
-9921.46,7.69999,-1.04462e-08,-9919.79,7.69999,-1.0351e-08,-9918.12,7.69999,-6.76141e-09,-9916.46,7.69999,-1.02166e-08,-9914.79,7.69999,1.60031e-10,-9913.12,7.69999,-9.83424e-08,-9911.46,7.69999,-9.74745e-08,-9909.79,7.69999,-1.01558e-06,-9908.12,7.69999,-2.04718e-06,-9906.46,7.69998,-1.23156e-05,-9904.79,7.69996,-4.73097e-06,-9903.12,7.69995,-6.01554e-06,-9901.46,7.69994,-5.81549e-06,
-9919.79,7.69999,-1.0351e-08,-9918.12,7.69999,-6.76141e-09,-9916.46,7.69999,-1.02166e-08,-9914.79,7.69999,-1.73747e-08,-9913.12,7.69999,3.61825e-09,-9911.46,7.69999,-1.52994e-07,-9909.79,7.69999,-9.89458e-08,-9908.12,7.69999,-1.58123e-06,-9906.46,7.69999,-2.78537e-06,-9904.79,7.69997,-1.88795e-05,-9903.12,7.69995,-7.17742e-07,-9901.46,7.69994,-7.30752e-06,-9899.79,7.69992,-1.00341e-05,
-9918.12,7.69999,-6.76141e-09,-9916.46,7.69999,-1.02166e-08,-9914.79,7.69999,-1.73747e-08,-9913.12,7.69999,-1.01457e-08,-9911.46,7.69999,-1.34411e-10,-9909.79,7.69999,-9.88196e-08,-9908.12,7.69999,-1.00001e-07,-9906.46,7.69999,-1.01413e-06,-9904.79,7.69999,-2.05202e-06,-9903.12,7.69998,-1.23227e-05,-9901.46,7.69996,-4.86488e-06,-9899.79,7.69995,-5.94579e-06,-9898.12,7.69994,-5.64197e-06,
-9916.46,7.69999,-1.02166e-08,-9914.79,7.69999,-1.73747e-08,-9913.12,7.69999,-1.01457e-08,-9911.46,7.69999,-1.02651e-08,-9909.79,7.69999,1.96339e-10,-9908.12,7.69999,-9.93859e-08,-9906.46,7.69999,-9.75116e-08,-9904.79,7.69999,-1.01225e-06,-9903.12,7.69999,-2.04293e-06,-9901.46,7.69998,-1.2293e-05,-9899.79,7.69996,-4.81286e-06,-9898.12,7.69995,-5.98577e-06,-9896.46,7.69994,-5.73171e-06,
-9914.79,7.69999,-1.73747e-08,-9913.12,7.69999,-1.01457e-08,-9911.46,7.69999,-1.02651e-08,-9909.79,7.69999,-3.20739e-08,-9908.12,7.69999,5.54729e-09,-9906.46,7.69999,-3.18251e-07,-9904.79,7.69999,-2.84447e-07,-9903.12,7.69999,-3.39028e-06,-9901.46,7.69999,-3.12278e-06,-9899.79,7.69995,-2.69116e-05,-9898.12,7.69992,-9.193e-06,-9896.46,7.6999,-1.13238e-05,-9894.79,7.69988,-1.16854e-05,
-9913.12,7.69999,-1.01457e-08,-9911.46,7.69999,-1.02651e-08,-9909.79,7.69999,-3.20739e-08,-9908.12,7.69999,-1.05164e-08,-9906.46,7.69999,3.40002e-10,-9904.79,7.69999,-9.67431e-08,-9903.12,7.69999,-8.99652e-08,-9901.46,7.69999,-1.01516e-06,-9899.79,7.69999,-2.05542e-06,-9898.12,7.69998,-1.25009e-05,-9896.46,7.69996,-4.17994e-06,-9894.79,7.69995,-6.62071e-06,-9893.12,7.69994,-6.53824e-06,
-9911.46,7.69999,-1.02651e-08,-9909.79,7.69999,-3.20739e-08,-9908.12,7.69999,-1.05164e-08,-9906.46,7.69999,-1.00178e-08,-9904.79,7.69999,1.1184e-10,-9903.12,7.69999,-9.85739e-08,-9901.46,7.69999,-1.01683e-07,-9899.79,7.69999,-1.02135e-06,-9898.12,7.69999,-2.11072e-06,-9896.46,7.69998,-1.24521e-05,-9894.79,7.69996,-5.64632e-06,-9893.12,7.69995,-7.04369e-06,-9891.46,7.69993,-6.36584e-06,
-9909.79,7.69999,-3.20739e-08,-9908.12,7.69999,-1.05164e-08,-9906.46,7.69999,-1.00178e-08,-9904.79,7.69999,-9.40146e-09,-9903.12,7.69999,-3.26569e-10,-9901.46,7.69999,-9.28879e-08,-9899.79,7.69999,-1.07267e-07,-9898.12,7.69999,-9.83944e-07,-9896.46,7.69999,-2.10617e-06,-9894.79,7.69998,-1.21426e-05,-9893.12,7.69996,-6.42527e-06,-9891.46,7.69994,-7.40074e-06,-9889.79,7.69993,-6.26803e-06,
-9908.12,7.69999,-1.05164e-08,-9906.46,7.69999,-1.00178e-08,-9904.79,7.69999,-9.40146e-09,-9903.12,7.69999,-1.03662e-08,-9901.46,7.69999,8.29941e-10,-9899.79,7.69999,-1.00201e-07,-9898.12,7.69999,-9.40234e-08,-9896.46,7.69999,-1.02235e-06,-9894.79,7.69999,-2.08067e-06,-9893.12,7.69998,-1.24547e-05,-9891.46,7.69996,-5.10245e-06,-9889.79,7.69995,-6.92161e-06,-9888.12,7.69993,-6.50511e-06,
-9906.46,7.69999,-1.00178e-08,-9904.79,7.69999,-9.40146e-09,-9903.12,7.69999,-1.03662e-08,-9901.46,7.69999,-9.87839e-09,-9899.79,7.69999,2.33911e-10,-9898.12,7.69999,-9.58141e-08,-9896.46,7.69999,-9.90298e-08,-9894.79,7.69999,-1.00154e-06,-9893.12,7.69999,-2.02906e-06,-9891.46,7.69998,-1.21629e-05,-9889.79,7.69996,-5.03148e-06,-9888.12,7.69995,-6.66502e-06,-9886.46,7.69993,-6.23424e-06,
-9904.79,7.69999,-9.40146e-09,-9903.12,7.69999,-1.03662e-08,-9901.46,7.69999,-9.87839e-09,-9899.79,7.69999,-9.75503e-09,-9898.12,7.69999,6.39976e-11,-9896.46,7.69999,-9.52435e-08,-9894.79,7.69999,-1.01324e-07,-9893.12,7.69999,-1.00421e-06,-9891.46,7.69999,-2.05502e-06,-9889.79,7.69998,-1.22067e-05,-9888.12,7.69996,-5.04468e-06,-9886.46,7.69995,-6.70494e-06,-9884.79,7.69993,-6.27271e-06,
-9903.12,7.69999,-1.03662e-08,-9901.46,7.69999,-9.87839e-09,-9899.79,7.69999,-9.75503e-09,-9898.12,7.69999,-9.86332e-09,-9896.46,7.69999,-2.69886e-10,-9894.79,7.69999,-9.68374e-08,-9893.12,7.69999,-1.06286e-07,-9891.46,7.69999,-1.00836e-06,-9889.79,7.69999,-2.08547e-06,-9888.12,7.69998,-1.23126e-05,-9886.46,7.69996,-5.49735e-06,-9884.79,7.69995,-6.8391e-06,-9883.12,7.69993,-6.21714e-06,
-9901.46,7.69999,-9.87839e-09,-9899.79,7.69999,-9.75503e-09,-9898.12,7.69999,-9.86332e-09,-9896.46,7.69999,-1.01053e-08,-9894.79,7.69999,-1.04223e-10,-9893.12,7.69999,-9.71835e-08,-9891.46,7.69999,-9.93412e-08,-9889.79,7.69999,-1.00514e-06,-9888.12,7.69999,-2.03139e-06,-9886.46,7.69998,-1.21736e-05,-9884.79,7.69996,-4.77064e-06,-9883.12,7.69995,-6.61697e-06,-9881.46,7.69994,-6.30977e-06,
-9899.79,7.69999,-9.75503e-09,-9898.12,7.69999,-9.86332e-09,-9896.46,7.69999,-1.01053e-08,-9894.79,7.69999,-9.901e-09,-9893.12,7.69999,-8.98796e-11,-9891.46,7.69999,-9.57178e-08,-9889.79,7.69999,-1.02534e-07,-9888.12,7.69999,-1.00544e-06,-9886.46,7.69999,-2.07789e-06,-9884.79,7.69998,-1.22598e-05,-9883.12,7.69996,-5.38685e-06,-9881.46,7.69995,-6.76228e-06,-9879.79,7.69993,-6.18301e-06,
-9898.12,7.69999,-9.86332e-09,-9896.46,7.69999,-1.01053e-08,-9894.79,7.69999,-9.901e-09,-9893.12,7.69999,-9.67088e-09,-9891.46,7.69999,3.15704e-11,-9889.79,7.69999,-9.49788e-08,-9888.12,7.69999,-1.006e-07,-9886.46,7.69999,-9.86067e-07,-9884.79,7.69999,-2.03261e-06,-9883.12,7.69998,-1.20035e-05,-9881.46,7.69996,-5.2043e-06,-9879.79,7.69995,-6.61429e-06,-9878.12,7.69994,-6.07617e-06,
-9896.46,7.69999,-1.01053e-08,-9894.79,7.69999,-9.901e-09,-9893.12,7.69999,-9.67088e-09,-9891.46,7.69999,-1.00064e-08,-9889.79,7.69999,1.05302e-11,-9888.12,7.69999,-9.75556e-08,-9886.46,7.69999,-1.02202e-07,-9884.79,7.69999,-1.01651e-06,-9883.12,7.69999,-2.08063e-06,-9881.46,7.69998,-1.2356e-05,-9879.79,7.69996,-5.23922e-06,-9878.12,7.69995,-6.7456e-06,-9876.46,7.69993,-6.25369e-06,
-9894.79,7.69999,-9.901e-09,-9893.12,7.69999,-9.67088e-09,-9891.46,7.69999,-1.00064e-08,-9889.79,7.69999,-1.02007e-08,-9888.12,7.69999,-1.77439e-10,-9886.46,7.69999,-9.92788e-08,-9884.79,7.69999,-1.04821e-07,-9883.12,7.69999,-1.03042e-06,-9881.46,7.69999,-2.11537e-06,-9879.79,7.69998,-1.25355e-05,-9878.12,7.69996,-5.2109e-06,-9876.46,7.69995,-6.30284e-06,-9874.79,7.69993,-5.8868e-06,
-9893.12,7.69999,-9.67088e-09,-9891.46,7.69999,-1.00064e-08,-9889.79,7.69999,-1.02007e-08,-9888.12,7.69999,-9.92477e-09,-9886.46,7.69999,-4.86365e-11,-9884.79,7.69999,-9.63013e-08,-9883.12,7.69999,-7.92834e-08,-9881.46,7.69999,-1.04268e-06,-9879.79,7.69999,-1.84598e-06,-9878.12,7.69998,-1.23652e-05,-9876.46,7.69996,-1.48918e-06,-9874.79,7.69996,-6.10157e-06,-9873.12,7.69994,-7.31646e-06,
-9891.46,7.69999,-1.00064e-08,-9889.79,7.69999,-1.02007e-08,-9888.12,7.69999,-9.92477e-09,-9886.46,7.69999,-1.06994e-08,-9884.79,7.69999,7.57544e-10,-9883.12,7.69999,-1.0265e-07,-9881.46,7.69999,-9.48636e-08,-9879.79,7.69999,-1.04694e-06,-9878.12,7.69999,-2.05304e-06,-9876.46,7.69998,-1.26327e-05,-9874.79,7.69996,-3.99818e-06,-9873.12,7.69995,-6.30057e-06,-9871.46,7.69994,-6.44953e-06,
-9889.79,7.69999,-1.02007e-08,-9888.12,7.69999,-9.92477e-09,-9886.46,7.69999,-1.06994e-08,-9884.79,7.69999,-1.05541e-08,-9883.12,7.69999,5.45277e-12,-9881.46,7.69999,-1.00358e-07,-9879.79,7.69999,-9.86891e-08,-9878.12,7.69999,-1.03604e-06,-9876.46,7.69999,-2.07856e-06,-9874.79,7.69998,-1.25135e-05,-9873.12,7.69996,-4.65467e-06,-9871.46,7.69995,-6.3174e-06,-9869.79,7.69994,-6.14999e-06,
-9888.12,7.69999,-9.92477e-09,-9886.46,7.69999,-1.06994e-08,-9884.79,7.69999,-1.05541e-08,-9883.12,7.69999,-1.01223e-08,-9881.46,7.69999,3.21597e-10,-9879.79,7.69999,-1.00125e-07,-9878.12,7.69999,-9.97599e-08,-9876.46,7.69999,-1.0274e-06,-9874.79,7.69999,-2.08273e-06,-9873.12,7.69998,-1.24975e-05,-9871.46,7.69996,-4.59463e-06,-9869.79,7.69995,-6.29272e-06,-9868.12,7.69994,-6.14884e-06,
-9886.46,7.69999,-1.06994e-08,-9884.79,7.69999,-1.05541e-08,-9883.12,7.69999,-1.01223e-08,-9881.46,7.69999,-1.03082e-08,-9879.79,7.69999,-3.56721e-10,-9878.12,7.69999,-9.95973e-08,-9876.46,7.69999,-9.8053e-08,-9874.79,7.69999,-1.02566e-06,-9873.12,7.69999,-2.06924e-06,-9871.46,7.69998,-1.24241e-05,-9869.79,7.69996,-4.61784e-06,-9868.12,7.69995,-6.24774e-06,-9866.46,7.69994,-6.08024e-06,
-9884.79,7.69999,-1.05541e-08,-9883.12,7.69999,-1.01223e-08,-9881.46,7.69999,-1.03082e-08,-9879.79,7.69999,-9.93884e-09,-9878.12,7.69999,-3.19525e-10,-9876.46,7.69999,-9.59778e-08,-9874.79,7.69999,-1.00019e-07,-9873.12,7.69999,-1.03499e-06,-9871.46,7.69999,-2.05428e-06,-9869.79,7.69998,-1.24343e-05,-9868.12,7.69996,-4.23792e-06,-9866.46,7.69995,-6.18439e-06,-9864.79,7.69994,-6.19906e-06,
-9883.12,7.69999,-1.01223e-08,-9881.46,7.69999,-1.03082e-08,-9879.79,7.69999,-9.93884e-09,-9878.12,7.69999,-1.04067e-08,-9876.46,7.69999,6.0476e-10,-9874.79,7.69999,-9.95906e-08,-9873.12,7.69999,-9.32807e-08,-9871.46,7.69999,-1.02089e-06,-9869.79,7.69999,-2.00868e-06,-9868.12,7.69998,-1.23111e-05,-9866.46,7.69996,-4.34055e-06,-9864.79,7.69995,-6.21828e-06,-9863.12,7.69994,-6.16292e-06,
-9881.46,7.69999,-1.03082e-08,-9879.79,7.69999,-9.93884e-09,-9878.12,7.69999,-1.04067e-08,-9876.46,7.69999,-1.02989e-08,-9874.79,7.69999,2.49908e-10,-9873.12,7.69999,-1.00162e-07,-9871.46,7.69999,-9.82589e-08,-9869.79,7.69999,-1.02852e-06,-9868.12,7.69999,-2.07501e-06,-9866.46,7.69998,-1.23784e-05,-9864.79,7.69996,-4.51303e-06,-9863.12,7.69995,-6.07764e-06,-9861.46,7.69994,-5.96215e-06,
-9879.79,7.69999,-9.93884e-09,-9878.12,7.69999,-1.04067e-08,-9876.46,7.69999,-1.02989e-08,-9874.79,7.69999,-1.05999e-06,-9873.12,7.69999,-4.88618e-12,-9871.46,7.69998,-1.05447e-05,-9869.79,7.69998,-1.22963e-05,-9868.12,7.69982,-0.0001167,-9866.46,7.69974,-1.28544e-05,-9864.79,7.69931,-0.000467637,-9863.12,7.69813,-0.000718159,-9861.46,7.69635,-0.00115298,-9859.79,7.69359,-0.00171223,
-9878.12,7.69999,-1.04067e-08,-9876.46,7.69999,-1.02989e-08,-9874.79,7.69999,-1.05999e-06,-9873.12,7.69999,-2.45672e-06,-9871.46,7.69999,-1.51933e-11,-9869.79,7.69996,-2.4441e-05,-9868.12,7.69995,-2.85016e-05,-9866.46,7.69959,-0.000270497,-9864.79,7.6994,-1.12195e-05,-9863.12,7.69851,-0.00101032,-9861.46,7.6959,-0.00161957,-9859.79,7.69195,-0.00251029,-9858.12,7.68597,-0.00370225,
-9876.46,7.69999,-1.02989e-08,-9874.79,7.69999,-1.05999e-06,-9873.12,7.69999,-2.45672e-06,-9871.46,7.69998,-4.07656e-06,-9869.79,7.69999,-9.93395e-08,-9868.12,7.69993,-4.06726e-05,-9866.46,7.69992,-4.83943e-05,-9864.79,7.69933,-0.000451264,-9863.12,7.69899,-4.45661e-05,-9861.46,7.6974,-0.00176512,-9859.79,7.69281,-0.00285392,-9858.12,7.68593,-0.00434151,-9856.46,7.67559,-0.00640465,
-9874.79,7.69999,-1.05999e-06,-9873.12,7.69999,-2.45672e-06,-9871.46,7.69998,-4.07656e-06,-9869.79,7.69997,-3.91158e-06,-9868.12,7.69998,-1.16674e-06,-9866.46,7.69992,-4.02554e-05,-9864.79,7.69989,-5.82732e-05,-9863.12,7.69931,-0.000458787,-9861.46,7.69869,-0.000421259,-9859.79,7.69552,-0.00303957,-9858.12,7.68777,-0.00477985,-9856.46,7.67657,-0.00690465,-9854.79,7.66024,-0.0101142,
-9873.12,7.69999,-2.45672e-06,-9871.46,7.69998,-4.07656e-06,-9869.79,7.69997,-3.91158e-06,-9868.12,7.69997,-3.61006e-06,-9866.46,7.69997,-2.85952e-06,-9864.79,7.69991,-3.89772e-05,-9863.12,7.69986,-7.32657e-05,-9861.46,7.69929,-0.000463934,-9859.79,7.69825,-0.00101797,-9858.12,7.69259,-0.00503278,-9856.46,7.67989,-0.00779818,-9854.79,7.66195,-0.0108769,-9853.12,7.63648,-0.0156707,
-9871.46,7.69998,-4.07656e-06,-9869.79,7.69997,-3.91158e-06,-9868.12,7.69997,-3.61006e-06,-9866.46,7.69996,-4.47267e-06,-9864.79,7.69996,-5.08901e-06,-9863.12,7.69989,-4.98012e-05,-9861.46,7.69981,-0.000107602,-9859.79,7.69907,-0.000609142,-9858.12,7.69739,-0.00175724,-9856.46,7.68828,-0.0079671,-9854.79,7.66804,-0.012475,-9853.12,7.63976,-0.0168646,-9851.46,7.60079,-0.0237891,
-9869.79,7.69997,-3.91158e-06,-9868.12,7.69997,-3.61006e-06,-9866.46,7.69996,-4.47267e-06,-9864.79,7.69995,-6.87888e-06,-9863.12,7.69995,-8.15263e-06,-9861.46,7.69984,-7.68475e-05,-9859.79,7.69971,-0.000168975,-9858.12,7.69857,-0.00094339,-9856.46,7.69593,-0.00274407,-9854.79,7.68182,-0.0123653,-9853.12,7.65015,-0.0195491,-9851.46,7.60646,-0.0257073,-9849.79,7.54711,-0.0366049,
-9868.12,7.69997,-3.61006e-06,-9866.46,7.69996,-4.47267e-06,-9864.79,7.69995,-6.87888e-06,-9863.12,7.69993,-1.14293e-05,-9861.46,7.6999,-3.52049e-05,-9859.79,7.69972,-0.000153017,-9858.12,7.69919,-0.000520536,-9856.46,7.69688,-0.00209405,-9854.79,7.68919,-0.00699172,-9853.12,7.66403,-0.0192707,-9851.46,7.61712,-0.0283702,-9849.79,7.55305,-0.0385155,-9848.12,7.46043,-0.0592468,
-9866.46,7.69996,-4.47267e-06,-9864.79,7.69995,-6.87888e-06,-9863.12,7.69993,-1.14293e-05,-9861.46,7.69988,-3.87929e-05,-9859.79,7.6998,-9.72579e-05,-9858.12,7.69922,-0.000491217,-9856.46,7.69771,-0.00151858,-9854.79,7.69034,-0.00654369,-9853.12,7.67111,-0.0141369,-9851.46,7.63039,-0.0281763,-9849.79,7.56299,-0.041236,-9848.12,7.46551,-0.0612452,-9846.46,7.31412,-0.0967585,
-9864.79,7.69995,-6.87888e-06,-9863.12,7.69993,-1.14293e-05,-9861.46,7.69988,-3.87929e-05,-9859.79,7.69976,-8.01396e-05,-9858.12,7.6996,-0.0001885,-9856.46,7.69842,-0.00099534,-9854.79,7.69549,-0.00299491,-9853.12,7.68057,-0.0131629,-9851.46,7.64429,-0.0246472,-9849.79,7.58021,-0.0421248,-9848.12,7.47813,-0.0642786,-9846.46,7.32158,-0.098809,-9844.79,7.09208,-0.134188,
-9863.12,7.69993,-1.14293e-05,-9861.46,7.69988,-3.87929e-05,-9859.79,7.69976,-8.01396e-05,-9858.12,7.69954,-0.000141292,-9856.46,7.69927,-0.000325817,-9854.79,7.69719,-0.00174467,-9853.12,7.69211,-0.00520556,-9851.46,7.66598,-0.0230208,-9849.79,7.60378,-0.0411806,-9848.12,7.50035,-0.0669764,-9846.46,7.33692,-0.102491,-9844.79,7.10153,-0.13642,-9843.12,6.83117,-0.134257,
-9861.46,7.69988,-3.87929e-05,-9859.79,7.69976,-8.01396e-05,-9858.12,7.69954,-0.000141292,-9856.46,7.69917,-0.000236157,-9854.79,7.6987,-0.000554109,-9853.12,7.69522,-0.00292553,-9851.46,7.6866,-0.00880456,-9849.79,7.64277,-0.0386906,-9848.12,7.53739,-0.0698299,-9846.46,7.36575,-0.10785,-9844.79,7.12031,-0.140832,-9843.12,6.84369,-0.136393,-9841.46,6.61323,-0.0978497,
-9859.79,7.69976,-8.01396e-05,-9858.12,7.69954,-0.000141292,-9856.46,7.69917,-0.000236157,-9854.79,7.69852,-0.000417892,-9853.12,7.69771,-0.000968511,-9851.46,7.69155,-0.00516774,-9849.79,7.67647,-0.0154519,-9848.12,7.60135,-0.0635203,-9846.46,7.44461,-0.0977024,-9844.79,7.20621,-0.145812,-9843.12,6.91204,-0.147065,-9841.46,6.66087,-0.108398,-9839.79,6.48877,-0.0700679,
-9858.12,7.69954,-0.000141292,-9856.46,7.69917,-0.000236157,-9854.79,7.69852,-0.000417892,-9853.12,7.69774,-0.000693954,-9851.46,7.69392,-0.00330401,-9849.79,7.68329,-0.0105477,-9848.12,7.63362,-0.0444154,-9846.46,7.50442,-0.0884775,-9844.79,7.29263,-0.12863,-9843.12,7.01176,-0.153665,-9841.46,6.73343,-0.125665,-9839.79,6.53143,-0.0823263,-9838.12,6.40813,-0.0468487,
-9856.46,7.69917,-0.000236157,-9854.79,7.69852,-0.000417892,-9853.12,7.69774,-0.000693954,-9851.46,7.69501,-0.0021952,-9849.79,7.68665,-0.00789742,-9848.12,7.6538,-0.0302951,-9846.46,7.55134,-0.07597,-9844.79,7.36645,-0.114209,-9843.12,7.10164,-0.154692,-9841.46,6.79938,-0.147272,-9839.79,6.55168,-0.105625,-9838.12,6.38331,-0.0697809,-9836.46,6.27265,-0.0459691,
-9854.79,7.69852,-0.000417892,-9853.12,7.69774,-0.000693954,-9851.46,7.69501,-0.0021952,-9849.79,7.68844,-0.00422378,-9848.12,7.67692,-0.0120831,-9846.46,7.6149,-0.0543642,-9844.79,7.47219,-0.0924292,-9843.12,7.24618,-0.140036,-9841.46,6.94475,-0.161909,-9839.79,6.65262,-0.132382,-9838.12,6.43718,-0.08983,-9836.46,6.29601,-0.0578965,-9834.79,6.20198,-0.040883,
-9853.12,7.69774,-0.000693954,-9851.46,7.69501,-0.0021952,-9849.79,7.68844,-0.00422378,-9848.12,7.67879,-0.00539875,-9846.46,7.66596,-0.0141426,-9844.79,7.58748,-0.0676515,-9843.12,7.42675,-0.0976713,-9841.46,7.18363,-0.151472,-9839.79,6.87779,-0.152133,-9838.12,6.61914,-0.111523,-9836.46,6.44001,-0.0742505,-9834.79,6.32633,-0.0443311,-9833.12,6.25855,-0.0274367,
-9851.46,7.69501,-0.0021952,-9849.79,7.68844,-0.00422378,-9848.12,7.67879,-0.00539875,-9846.46,7.66761,-0.00596294,-9844.79,7.65414,-0.0151429,-9843.12,7.56768,-0.0740987,-9841.46,7.39821,-0.100211,-9839.79,7.14727,-0.156016,-9838.12,6.84506,-0.142561,-9836.46,6.61283,-0.0961712,-9834.79,6.4618,-0.0612029,-9833.12,6.37106,-0.0334754,-9831.46,6.32379,-0.0169802,
-9849.79,7.68844,-0.00422378,-9848.12,7.67879,-0.00539875,-9846.46,7.66761,-0.00596294,-9844.79,7.65596,-0.00598019,-9843.12,7.64253,-0.0151391,-9841.46,7.55606,-0.0740932,-9839.79,7.38659,-0.100221,-9838.12,7.13604,-0.155218,-9836.46,6.83818,-0.139146,-9834.79,6.61194,-0.0935559,-9833.12,6.46732,-0.0569123,-9831.46,6.38601,-0.0283606,-9829.79,6.34854,-0.0120641,
-9848.12,7.67879,-0.00539875,-9846.46,7.66761,-0.00596294,-9844.79,7.65596,-0.00598019,-9843.12,7.64432,-0.005994,-9841.46,7.63086,-0.0151728,-9839.79,7.54413,-0.0743055,-9838.12,7.37438,-0.100301,-9836.46,7.12372,-0.155052,-9834.79,6.8276,-0.137712,-9833.12,6.60329,-0.0930108,-9831.46,6.46083,-0.0550058,-9829.79,6.38394,-0.0259951,-9828.12,6.35071,-0.0101001,
-9846.46,7.66761,-0.00596294,-9844.79,7.65596,-0.00598019,-9843.12,7.64432,-0.005994,-9841.46,7.63556,-2.15693e-05,-9839.79,7.65689,0.0145196,-9838.12,7.63583,-0.0393267,-9836.46,7.53455,-0.0648548,-9834.79,7.34997,-0.124999,-9833.12,7.0897,-0.134888,-9831.46,6.83268,-0.126465,-9829.79,6.61909,-0.0897709,-9828.12,6.48374,-0.0511983,-9826.46,6.41079,-0.0260871,
-9844.79,7.65596,-0.00598019,-9843.12,7.64432,-0.005994,-9841.46,7.63556,-2.15693e-05,-9839.79,7.68218,0.0516572,-9838.12,7.79461,0.049712,-9836.46,7.83764,-0.00545782,-9834.79,7.79737,-0.0359602,-9833.12,7.67381,-0.09113,-9831.46,7.47623,-0.102547,-9829.79,7.30199,-0.0719876,-9828.12,7.20601,-0.0266896,-9826.46,7.19201,0.0109792,-9824.79,7.24572,0.0426593,
-9843.12,7.64432,-0.005994,-9841.46,7.63556,-2.15693e-05,-9839.79,7.68218,0.0516572,-9838.12,7.78743,0.0423302,-9836.46,7.82328,-0.00545782,-9834.79,7.77639,-0.0422061,-9833.12,7.65877,-0.0720942,-9831.46,7.54275,-0.0402153,-9829.79,7.50317,-0.00048684,-9828.12,7.54574,0.0430727,-9826.46,7.65066,0.0564427,-9824.79,7.73048,0.0209783,-9823.12,7.73155,-0.0198781,
-9841.46,7.63556,-2.15693e-05,-9839.79,7.68218,0.0516572,-9838.12,7.78743,0.0423302,-9836.46,7.80515,-0.0241119,-9834.79,7.73957,-0.043342,-9833.12,7.59069,-0.109784,-9831.46,7.35853,-0.129014,-9829.79,7.04307,-0.195456,-9828.12,6.64776,-0.207617,-9826.46,6.20572,-0.248321,-9824.79,5.71615,-0.246913,-9823.12,5.25861,-0.223855,-9821.46,4.83727,-0.211964,
-9839.79,7.68218,0.0516572,-9838.12,7.78743,0.0423302,-9836.46,7.80515,-0.0241119,-9834.79,7.69367,-0.090554,-9833.12,7.49889,-0.109784,-9831.46,7.22083,-0.176226,-9829.79,6.86004,-0.19429,-9828.12,6.42162,-0.257233,-9826.46,5.91158,-0.255979,-9824.79,5.43952,-0.230316,-9823.12,5.0067,-0.217507,-9821.46,4.58602,-0.215933,-9819.79,4.17039,-0.208787,
-9838.12,7.78743,0.0423302,-9836.46,7.80515,-0.0241119,-9834.79,7.69367,-0.090554,-9833.12,7.45299,-0.156996,-9831.46,7.12903,-0.176226,-9829.79,6.72177,-0.242668,-9828.12,6.23953,-0.244793,-9826.46,5.76437,-0.245076,-9824.79,5.29559,-0.235048,-9823.12,4.85125,-0.2228,-9821.46,4.42511,-0.215855,-9819.79,4.0152,-0.203594,-9818.12,3.64602,-0.172347,
-9836.46,7.80515,-0.0241119,-9834.79,7.69367,-0.090554,-9833.12,7.45299,-0.156996,-9831.46,7.09161,-0.214712,-9829.79,6.64932,-0.237764,-9828.12,6.15152,-0.272664,-9826.46,5.62316,-0.263559,-9824.79,5.1351,-0.239474,-9823.12,4.6825,-0.227962,-9821.46,4.24766,-0.217399,-9819.79,3.84938,-0.190053,-9818.12,3.51274,-0.154381,-9816.46,3.25762,-0.108029,
-9834.79,7.69367,-0.090554,-9833.12,7.45299,-0.156996,-9831.46,7.09161,-0.214712,-9829.79,6.62188,-0.268441,-9828.12,6.07732,-0.282984,-9826.46,5.54509,-0.261788,-9824.79,5.05754,-0.241743,-9823.12,4.59619,-0.233918,-9821.46,4.1514,-0.220192,-9819.79,3.75705,-0.18333,-9818.12,3.43742,-0.144817,-9816.46,3.2005,-0.0988772,-9814.79,3.04686,-0.0591449,
-9830.16,7.69999,-3.78171e-10,-9828.5,7.6701,-0.0378845,-9826.83,7.56386,-0.0713936,-9825.16,7.37433,-0.123557,-9823.5,7.10767,-0.144366,-9821.83,6.83068,-0.135347,-9820.16,6.60266,-0.0964518,-9818.5,6.45323,-0.05935,-9816.83,6.3625,-0.0361602,-9815.16,6.30595,-0.0232246,-9813.5,6.26903,-0.0153211,
-9830.16,7.69999,-3.78171e-10,-9828.5,7.6701,-0.0378845,-9826.83,7.53184,-0.104327,-9825.16,7.31029,-0.123557,-9823.5,7.00544,-0.189999,-9821.83,6.62037,-0.20292,-9820.16,6.18449,-0.246715,-9818.5,5.69682,-0.246092,-9816.83,5.24156,-0.222255,-9815.16,4.82399,-0.209788,-9813.5,4.41852,-0.208025,-9811.83,4.01782,-0.201585,
-9830.16,7.69999,-3.78171e-10,-9828.5,7.6701,-0.0378845,-9826.83,7.53184,-0.104327,-9825.16,7.26797,-0.167085,-9823.5,6.92081,-0.189999,-9821.83,6.49035,-0.252757,-9820.16,5.98656,-0.255177,-9818.5,5.50884,-0.236424,-9816.83,5.06349,-0.223099,-9815.16,4.6354,-0.218075,-9813.5,4.21681,-0.210454,-9811.83,3.82884,-0.18623,-9810.16,3.49867,-0.151202,
-9828.5,7.6701,-0.0378845,-9826.83,7.53184,-0.104327,-9825.16,7.26797,-0.167085,-9823.5,6.88843,-0.2233,-9821.83,6.42967,-0.24438,-9820.16,5.93428,-0.263247,-9818.5,5.42927,-0.251784,-9816.83,4.95793,-0.234466,-9815.16,4.50951,-0.227803,-9813.5,4.07609,-0.214344,-9811.83,3.69437,-0.176034,-9810.16,3.39011,-0.136576,-9808.5,3.16882,-0.0910416,
-9821.81,7.69999,-4.07526e-10,-9820.14,7.6701,-0.0378845,-9818.48,7.57641,-0.0455688,-9816.81,7.53406,-0.00153798,-9815.14,7.51197,-0.030544,-9813.48,7.41569,-0.0684924,-9811.81,7.23611,-0.116216,-9810.14,6.98001,-0.140245,-9808.48,6.72116,-0.119694,-9806.81,6.52801,-0.0785497,-9805.14,6.40833,-0.0471545,
-9821.81,7.69999,-4.07526e-10,-9820.14,7.6701,-0.0378845,-9818.48,7.58666,-0.0387537,-9816.81,7.50919,-0.0501117,-9815.14,7.35735,-0.106065,-9813.48,7.12222,-0.135784,-9811.81,6.8038,-0.191737,-9810.14,6.40208,-0.221456,-9808.48,5.91707,-0.277409,-9806.81,5.35554,-0.293201,-9805.14,4.78807,-0.287524,-9803.48,4.25444,-0.257006,
-9821.81,7.69999,-4.07526e-10,-9820.14,7.6701,-0.0378845,-9818.48,7.58666,-0.0387537,-9816.81,7.5395,-0.00746028,-9815.14,7.52957,-0.0142266,-9813.48,7.44752,-0.0701732,-9811.81,7.28235,-0.0995225,-9810.14,7.03983,-0.145886,-9808.48,6.76919,-0.122444,-9806.81,6.57206,-0.0803167,-9805.14,6.4582,-0.0368125,-9803.48,6.42531,0.000813006,-9801.81,6.44988,0.021995,
-9820.14,7.6701,-0.0378845,-9818.48,7.58666,-0.0387537,-9816.81,7.5395,-0.00746028,-9815.14,7.53105,-0.0059143,-9813.48,7.51653,-0.0158127,-9811.81,7.42533,-0.0779965,-9810.14,7.25872,-0.0852453,-9808.48,7.09799,-0.0776998,-9806.81,6.97786,-0.0420819,-9805.14,6.93736,0.000422851,-9803.48,6.97863,0.0404749,-9801.81,7.08378,0.0647949,-9800.14,7.22105,0.0740857,
-9818.48,7.58666,-0.0387537,-9816.81,7.5395,-0.00746028,-9815.14,7.53105,-0.0059143,-9813.48,7.51823,-0.00625128,-9811.81,7.50471,-0.015467,-9810.14,7.4155,-0.0762913,-9808.48,7.243,-0.101139,-9806.81,6.98825,-0.159821,-9805.14,6.67388,-0.150957,-9803.48,6.42378,-0.105653,-9801.81,6.25391,-0.0715703,-9800.14,6.13893,-0.0483462,-9798.48,6.0589,-0.0354669,
-9816.81,7.5395,-0.00746028,-9815.14,7.53105,-0.0059143,-9813.48,7.51823,-0.00625128,-9811.81,7.50636,-0.00617782,-9810.14,7.49262,-0.0155423,-9808.48,7.40298,-0.076663,-9806.81,7.23138,-0.0984718,-9805.14,6.99328,-0.144245,-9803.48,6.7217,-0.124367,-9801.81,6.523,-0.080011,-9800.14,6.40588,-0.0422222,-9798.48,6.35112,-0.0162189,-9796.81,6.3349,-0.00200134,
-9815.14,7.53105,-0.0059143,-9813.48,7.51823,-0.00625128,-9811.81,7.50636,-0.00617782,-9810.14,7.49427,-0.00627073,-9808.48,7.47996,-0.0160288,-9806.81,7.38972,-0.0767845,-9805.14,7.21716,-0.0997238,-9803.48,6.97404,-0.148119,-9801.81,6.69372,-0.129145,-9800.14,6.48593,-0.0845747,-9798.48,6.35959,-0.047291,-9796.81,6.29405,-0.0222522,-9795.14,6.26531,-0.00879083,
-9813.48,7.51823,-0.00625128,-9811.81,7.50636,-0.00617782,-9810.14,7.49427,-0.00627073,-9808.48,7.48184,-0.00752424,-9806.81,7.4574,-0.0241868,-9805.14,7.35606,-0.0800472,-9803.48,7.17266,-0.107317,-9801.81,6.92295,-0.14605,-9800.14,6.65126,-0.123881,-9798.48,6.45359,-0.0794325,-9796.81,6.33706,-0.0426356,-9795.14,6.27795,-0.0204481,-9793.48,6.25082,-0.00861081,
-9811.81,7.50636,-0.00617782,-9810.14,7.49427,-0.00627073,-9808.48,7.48184,-0.00752424,-9806.81,7.46623,-0.0100749,-9805.14,7.42262,-0.0398041,-9803.48,7.30062,-0.0856864,-9801.81,7.09532,-0.125476,-9800.14,6.81211,-0.160289,-9798.48,6.51313,-0.138683,-9796.81,6.28669,-0.094493,-9795.14,6.13554,-0.0640441,-9793.48,6.02778,-0.04862,-9791.81,5.942,-0.0403489,
-9810.14,7.49427,-0.00627073,-9808.48,7.48184,-0.00752424,-9806.81,7.46623,-0.0100749,-9805.14,7.44505,-0.0138859,-9803.48,7.37318,-0.0628894,-9801.81,7.22079,-0.0938589,-9800.14,6.9851,-0.148562,-9798.48,6.67254,-0.166334,-9796.81,6.35069,-0.161157,-9795.14,6.06264,-0.132895,-9793.48,5.83166,-0.106624,-9791.81,5.63915,-0.0933646,-9790.14,5.46305,-0.0887285,
-9808.48,7.48184,-0.00752424,-9806.81,7.46623,-0.0100749,-9805.14,7.44505,-0.0138859,-9803.48,7.39965,-0.0356586,-9801.81,7.27373,-0.0938589,-9800.14,7.06452,-0.121331,-9798.48,6.77202,-0.179531,-9796.81,6.40344,-0.192159,-9795.14,6.03262,-0.187523,-9793.48,5.685,-0.168595,-9791.81,5.37467,-0.152184,-9790.14,5.08615,-0.146116,-9788.48,4.80232,-0.146469,
-9806.81,7.46623,-0.0100749,-9805.14,7.44505,-0.0138859,-9803.48,7.39965,-0.0356586,-9801.81,7.26572,-0.102101,-9800.14,7.0485,-0.121331,-9798.48,6.74798,-0.187773,-9796.81,6.36887,-0.197324,-9795.14,5.95673,-0.228138,-9793.48,5.50748,-0.227534,-9791.81,5.08173,-0.210625,-9790.14,4.68152,-0.2029,-9788.48,4.28851,-0.201175,-9786.81,3.90508,-0.190515,
-9805.14,7.44505,-0.0138859,-9803.48,7.39965,-0.0356586,-9801.81,7.26572,-0.102101,-9800.14,7.01002,-0.160903,-9798.48,6.67103,-0.187773,-9796.81,6.24931,-0.245412,-9795.14,5.76055,-0.247002,-9793.48,5.30552,-0.221092,-9791.81,4.89073,-0.20859,-9790.14,4.48576,-0.208743,-9788.48,4.08291,-0.202576,-9786.81,3.71356,-0.174674,-9785.14,3.40802,-0.138009,
-9803.48,7.39965,-0.0356586,-9801.81,7.26572,-0.102101,-9800.14,7.01002,-0.160903,-9798.48,6.64403,-0.215551,-9796.81,6.19999,-0.235768,-9795.14,5.73259,-0.242795,-9793.48,5.2707,-0.229926,-9791.81,4.83805,-0.216481,-9790.14,4.42253,-0.211818,-9788.48,4.01643,-0.203381,-9786.81,3.64693,-0.172831,-9785.14,3.3541,-0.128099,-9783.48,3.14429,-0.0876994,
-9798.41,7.69999,-4.40064e-10,-9796.75,7.69942,-0.000506554,-9795.08,7.69887,-0.000883476,-9793.41,7.69127,-0.00606914,-9791.75,7.67721,-0.0156538,-9790.08,7.58692,-0.0772129,-9788.41,7.41334,-0.101326,-9786.75,7.15805,-0.15964,-9785.08,6.84912,-0.14546,-9783.41,6.61118,-0.0992806,-9781.75,6.45454,-0.0638634,
-9798.41,7.69999,-4.40064e-10,-9796.75,7.69942,-0.000506554,-9795.08,7.69843,-0.00106799,-9793.41,7.69236,-0.00520834,-9791.75,7.67582,-0.0164857,-9790.08,7.60137,-0.0620359,-9788.41,7.44553,-0.0982616,-9786.75,7.20834,-0.143708,-9785.08,6.91825,-0.145395,-9783.41,6.67027,-0.10666,-9781.75,6.50136,-0.0684164,-9780.08,6.39974,-0.0378385,
-9798.41,7.69999,-4.40064e-10,-9796.75,7.69942,-0.000506554,-9795.08,7.69843,-0.00106799,-9793.41,7.69097,-0.0060541,-9791.75,7.67686,-0.0156691,-9790.08,7.58649,-0.0772881,-9788.41,7.41282,-0.101341,-9786.75,7.15621,-0.162244,-9785.08,6.83247,-0.158064,-9783.41,6.56647,-0.114297,-9781.75,6.38066,-0.0787747,-9780.08,6.25576,-0.0512014,-9778.41,6.17345,-0.035275,
-9796.75,7.69942,-0.000506554,-9795.08,7.69843,-0.00106799,-9793.41,7.69097,-0.0060541,-9791.75,7.67854,-0.00621989,-9790.08,7.66494,-0.0154966,-9788.41,7.57556,-0.0764347,-9786.75,7.40289,-0.101166,-9785.08,7.14838,-0.159127,-9783.41,6.83878,-0.14671,-9781.75,6.59833,-0.100429,-9780.08,6.43918,-0.0651596,-9778.41,6.34198,-0.0360181,-9776.75,6.29153,-0.017623,
-9795.08,7.69843,-0.00106799,-9793.41,7.69097,-0.0060541,-9791.75,7.67854,-0.00621989,-9790.08,7.66704,-0.00576786,-9788.41,7.65388,-0.0147452,-9786.75,7.57054,-0.071564,-9785.08,7.40449,-0.0992303,-9783.41,7.15787,-0.151633,-9781.75,6.86908,-0.133932,-9780.08,6.65243,-0.0889145,-9778.41,6.51786,-0.0507373,-9776.75,6.45191,-0.0185695,-9775.08,6.43731,0.00174178,
-9793.41,7.69097,-0.0060541,-9791.75,7.67854,-0.00621989,-9790.08,7.66704,-0.00576786,-9788.41,7.65574,-0.00586773,-9786.75,7.64241,-0.0149514,-9785.08,7.55746,-0.0728768,-9783.41,7.38964,-0.0997374,-9781.75,7.14116,-0.153132,-9780.08,6.8496,-0.135183,-9778.41,6.63009,-0.0905994,-9776.75,6.49286,-0.0515943,-9775.08,6.42634,-0.0183132,-9773.41,6.41337,0.00321974,
-9791.75,7.67854,-0.00621989,-9790.08,7.66704,-0.00576786,-9788.41,7.65574,-0.00586773,-9786.75,7.64433,-0.00585127,-9785.08,7.63105,-0.0149063,-9783.41,7.54644,-0.0725955,-9781.75,7.379,-0.0996321,-9780.08,7.13117,-0.152271,-9778.41,6.84309,-0.132761,-9776.75,6.62734,-0.0891598,-9775.08,6.4943,-0.0482573,-9773.41,6.43677,-0.0125031,-9771.75,6.43714,0.0112127,
-9790.08,7.66704,-0.00576786,-9788.41,7.65574,-0.00586773,-9786.75,7.64433,-0.00585127,-9785.08,7.63289,-0.00591085,-9783.41,7.61953,-0.0150244,-9781.75,7.53398,-0.0733497,-9780.08,7.36586,-0.09922,-9778.41,7.1212,-0.149362,-9776.75,6.84073,-0.128268,-9775.08,6.63299,-0.0854065,-9773.41,6.50839,-0.0429052,-9771.75,6.46406,-0.004099,-9770.08,6.4852,0.0248444,
-9788.41,7.65574,-0.00586773,-9786.75,7.64433,-0.00585127,-9785.08,7.63289,-0.00591085,-9783.41,7.62111,-0.00616817,-9781.75,7.60742,-0.0155057,-9780.08,7.51805,-0.0764375,-9778.41,7.34676,-0.0983723,-9776.75,7.10941,-0.143202,-9775.08,6.84224,-0.121258,-9773.41,6.6483,-0.0782196,-9771.75,6.53766,-0.035586,-9770.08,6.51022,0.00728622,-9768.41,6.56504,0.0489427,
-9786.75,7.64433,-0.00585127,-9785.08,7.63289,-0.00591085,-9783.41,7.62111,-0.00616817,-9781.75,7.60907,-0.00619194,-9780.08,7.59538,-0.0155278,-9778.41,7.50582,-0.0765915,-9776.75,7.33574,-0.0954878,-9775.08,7.11531,-0.12879,-9773.41,6.87989,-0.104391,-9771.75,6.71904,-0.0610501,-9770.08,6.64149,-0.0187192,-9768.41,6.64723,0.0246221,-9766.75,6.73626,0.066953,
-9785.08,7.63289,-0.00591085,-9783.41,7.62111,-0.00616817,-9781.75,7.60907,-0.00619194,-9780.08,7.59704,-0.00619076,-9778.41,7.58334,-0.0155291,-9776.75,7.49377,-0.0765975,-9775.08,7.32493,-0.0929323,-9773.41,7.12015,-0.11448,-9771.75,6.9215,-0.0829228,-9770.08,6.79942,-0.042651,-9768.41,6.76062,0.00274944,-9766.75,6.80512,0.0430212,-9765.08,6.93291,0.0884216,
-9783.41,7.62111,-0.00616817,-9781.75,7.60907,-0.00619194,-9780.08,7.59704,-0.00619076,-9778.41,7.585,-0.00619101,-9776.75,7.5713,-0.0155288,-9775.08,7.48174,-0.0765962,-9773.41,7.31476,-0.0891025,-9771.75,7.13201,-0.0959705,-9770.08,6.97275,-0.0625056,-9768.41,6.89161,-0.0209523,-9766.75,6.89377,0.0231666,-9765.08,6.97921,0.0647199,-9763.41,7.14369,0.100073,
-9781.75,7.60907,-0.00619194,-9780.08,7.59704,-0.00619076,-9778.41,7.585,-0.00619101,-9776.75,7.57296,-0.00619096,-9775.08,7.55926,-0.0155289,-9773.41,7.4697,-0.0765965,-9771.75,7.3045,-0.0854377,-9770.08,7.14372,-0.0764217,-9768.41,7.03199,-0.0356184,-9766.75,7.00075,0.00348581,-9765.08,7.0528,0.0500538,-9763.41,7.18378,0.0801705,-9761.75,7.34474,0.0799799,
-9780.08,7.59704,-0.00619076,-9778.41,7.585,-0.00619101,-9776.75,7.57296,-0.00619096,-9775.08,7.56092,-0.00619097,-9773.41,7.54723,-0.0155288,-9771.75,7.45766,-0.0765964,-9770.08,7.29473,-0.0807732,-9768.41,7.16107,-0.0532841,-9766.75,7.1005,-0.00837213,-9765.08,7.1226,0.0311026,-9763.41,7.22497,0.0710798,-9761.75,7.3704,0.0713401,-9760.08,7.48437,0.0440139,
-9778.41,7.585,-0.00619101,-9776.75,7.57296,-0.00619096,-9775.08,7.56092,-0.00619097,-9773.41,7.54931,-0.00568868,-9771.75,7.53717,-0.0139688,-9770.08,7.45531,-0.0697809,-9768.41,7.31201,-0.0664069,-9766.75,7.21868,-0.0274917,-9765.08,7.20661,0.0150706,-9763.41,7.27486,0.0520883,-9761.75,7.38815,0.0585857,-9760.08,7.48426,0.0378166,-9758.41,7.53488,0.0155299,
-9771.68,7.69999,-4.8912e-10,-9770.01,7.69996,-1.65481e-05,-9768.34,7.69999,2.65502e-10,-9766.68,7.69975,-0.000164616,-9765.01,7.69971,-0.000191965,-9763.34,7.69732,-0.00182186,-9761.68,7.69673,0.00135878,-9760.01,7.69917,0.000560384,-9758.34,7.69931,-0.000154728,-9756.68,7.69914,3.18148e-05,-9755.01,7.69935,0.000139199,
-9771.68,7.69999,-4.8912e-10,-9770.01,7.69996,-1.65481e-05,-9768.34,7.69994,-9.05907e-06,-9766.68,7.69996,5.13376e-10,-9765.01,7.69982,-9.01515e-05,-9763.34,7.69983,-3.80591e-05,-9761.68,7.69888,-0.000731768,-9760.01,7.69888,0.000736083,-9758.34,7.69988,5.02238e-05,-9756.68,7.69967,-9.22448e-05,-9755.01,7.6997,9.46644e-05,-9753.34,7.69987,5.92774e-05,
-9771.68,7.69999,-4.8912e-10,-9770.01,7.69996,-1.65481e-05,-9768.34,7.69994,-9.05907e-06,-9766.68,7.69994,-2.41168e-07,-9765.01,7.69994,-2.10614e-09,-9763.34,7.69994,-2.38456e-06,-9761.68,7.69993,-2.40975e-06,-9760.01,7.6999,-2.48683e-05,-9758.34,7.6999,1.70678e-05,-9756.68,7.69991,-1.16492e-05,-9755.01,7.69988,-6.4159e-06,-9753.34,7.69989,1.05191e-05,-9751.68,7.69991,1.07791e-05,
-9770.01,7.69996,-1.65481e-05,-9768.34,7.69994,-9.05907e-06,-9766.68,7.69994,-2.41168e-07,-9765.01,7.69994,-1.13259e-07,-9763.34,7.69994,-4.12832e-11,-9761.68,7.69994,-1.11376e-06,-9760.01,7.69994,-1.12978e-06,-9758.34,7.69992,-1.16419e-05,-9756.68,7.69992,6.04308e-06,-9755.01,7.69991,-1.58961e-05,-9753.34,7.69987,-1.78411e-05,-9751.68,7.69985,-6.49862e-06,-9750.01,7.69984,-7.3675e-07,
-9768.34,7.69994,-9.05907e-06,-9766.68,7.69994,-2.41168e-07,-9765.01,7.69994,-1.13259e-07,-9763.34,7.69994,-1.96109e-08,-9761.68,7.69994,-1.40643e-11,-9760.01,7.69994,-1.94501e-07,-9758.34,7.69994,-2.18526e-07,-9756.68,7.69993,-2.11986e-06,-9755.01,7.69993,-4.55401e-06,-9753.34,7.6999,-2.57901e-05,-9751.68,7.69986,-1.35258e-05,-9750.01,7.69984,-9.31371e-06,-9748.34,7.69982,-7.03708e-06,
-9766.68,7.69994,-2.41168e-07,-9765.01,7.69994,-1.13259e-07,-9763.34,7.69994,-1.96109e-08,-9761.68,7.69994,-1.97516e-08,-9760.01,7.69994,-3.45151e-11,-9758.34,7.69994,-1.94958e-07,-9756.68,7.69994,-2.18765e-07,-9755.01,7.69993,-2.12206e-06,-9753.34,7.69993,-4.55506e-06,-9751.68,7.6999,-2.58517e-05,-9750.01,7.69986,-1.36901e-05,-9748.34,7.69984,-9.72344e-06,-9746.68,7.69982,-7.65906e-06,
-9765.01,7.69994,-1.13259e-07,-9763.34,7.69994,-1.96109e-08,-9761.68,7.69994,-1.97516e-08,-9760.01,7.69994,-1.98566e-08,-9758.34,7.69994,-4.29155e-11,-9756.68,7.69994,-1.96194e-07,-9755.01,7.69994,-2.2048e-07,-9753.34,7.69993,-2.13759e-06,-9751.68,7.69993,-4.59168e-06,-9750.01,7.6999,-2.60314e-05,-9748.34,7.69986,-1.38122e-05,-9746.68,7.69984,-9.85028e-06,-9745.01,7.69982,-7.75142e-06,
-9763.34,7.69994,-1.96109e-08,-9761.68,7.69994,-1.97516e-08,-9760.01,7.69994,-1.98566e-08,-9758.34,7.69994,-1.99263e-08,-9756.68,7.69994,-7.9206e-12,-9755.01,7.69994,-1.96984e-07,-9753.34,7.69994,-2.21688e-07,-9751.68,7.69993,-2.14766e-06,-9750.01,7.69993,-4.61782e-06,-9748.34,7.6999,-2.61501e-05,-9746.68,7.69986,-1.39256e-05,-9745.01,7.69984,-9.96504e-06,-9743.34,7.69982,-7.82712e-06,
-9761.68,7.69994,-1.97516e-08,-9760.01,7.69994,-1.98566e-08,-9758.34,7.69994,-1.99263e-08,-9756.68,7.69994,-1.99142e-08,-9755.01,7.69994,-3.25764e-11,-9753.34,7.69994,-1.96848e-07,-9751.68,7.69994,-2.21619e-07,-9750.01,7.69993,-2.14593e-06,-9748.34,7.69993,-4.61491e-06,-9746.68,7.6999,-2.61412e-05,-9745.01,7.69986,-1.39619e-05,-9743.34,7.69984,-9.95783e-06,-9741.68,7.69982,-7.80133e-06,
-9760.01,7.69994,-1.98566e-08,-9758.34,7.69994,-1.99263e-08,-9756.68,7.69994,-1.99142e-08,-9755.01,7.69994,-1.99852e-08,-9753.34,7.69994,-3.5004e-12,-9751.68,7.69994,-1.97583e-07,-9750.01,7.69994,-2.22656e-07,-9748.34,7.69993,-2.15643e-06,-9746.68,7.69993,-4.64072e-06,-9745.01,7.6999,-2.62433e-05,-9743.34,7.69986,-1.40041e-05,-9741.68,7.69984,-1.01452e-05,-9740.01,7.69982,-8.02314e-06,
-9758.34,7.69994,-1.99263e-08,-9756.68,7.69994,-1.99142e-08,-9755.01,7.69994,-1.99852e-08,-9753.34,7.69994,-1.99892e-08,-9751.68,7.69994,-5.39017e-13,-9750.01,7.69994,-1.97652e-07,-9748.34,7.69994,-2.22785e-07,-9746.68,7.69993,-2.15731e-06,-9745.01,7.69993,-4.64345e-06,-9743.34,7.6999,-2.6249e-05,-9741.68,7.69986,-1.40104e-05,-9740.01,7.69984,-1.01469e-05,-9738.34,7.69982,-8.02257e-06,
-9756.68,7.69994,-1.99142e-08,-9755.01,7.69994,-1.99852e-08,-9753.34,7.69994,-1.99892e-08,-9751.68,7.69994,-1.9997e-08,-9750.01,7.69994,-7.2441e-12,-9748.34,7.69994,-1.9774e-07,-9746.68,7.69994,-2.23016e-07,-9745.01,7.69993,-2.15884e-06,-9743.34,7.69993,-4.64798e-06,-9741.68,7.6999,-2.62575e-05,-9740.01,7.69986,-1.39904e-05,-9738.34,7.69984,-1.01485e-05,-9736.68,7.69982,-8.03525e-06,
-9755.01,7.69994,-1.99852e-08,-9753.34,7.69994,-1.99892e-08,-9751.68,7.69994,-1.9997e-08,-9750.01,7.69994,-2.00368e-08,-9748.34,7.69994,-3.83655e-11,-9746.68,7.69994,-1.98179e-07,-9745.01,7.69994,-2.2396e-07,-9743.34,7.69993,-2.16464e-06,-9741.68,7.69993,-4.66502e-06,-9740.01,7.6999,-2.63039e-05,-9738.34,7.69986,-1.39883e-05,-9736.68,7.69984,-1.01607e-05,-9735.01,7.69982,-8.05677e-06,
-9753.34,7.69994,-1.99892e-08,-9751.68,7.69994,-1.9997e-08,-9750.01,7.69994,-2.00368e-08,-9748.34,7.69994,-2.00349e-08,-9746.68,7.69994,-1.38595e-11,-9745.01,7.69994,-1.98144e-07,-9743.34,7.69994,-2.23668e-07,-9741.68,7.69993,-2.16389e-06,-9740.01,7.69993,-4.66191e-06,-9738.34,7.6999,-2.6288e-05,-9736.68,7.69986,-1.39425e-05,-9735.01,7.69984,-1.01556e-05,-9733.34,7.69982,-8.0714e-06,
-9751.68,7.69994,-1.9997e-08,-9750.01,7.69994,-2.00368e-08,-9748.34,7.69994,-2.00349e-08,-9746.68,7.69994,-2.00158e-08,-9745.01,7.69994,-1.99834e-11,-9743.34,7.69994,-1.9796e-07,-9741.68,7.69994,-2.23462e-07,-9740.01,7.69993,-2.16125e-06,-9738.34,7.69993,-4.65549e-06,-9736.68,7.6999,-2.6269e-05,-9735.01,7.69986,-1.39598e-05,-9733.34,7.69984,-1.01505e-05,-9731.68,7.69982,-8.05377e-06,
-9750.01,7.69994,-2.00368e-08,-9748.34,7.69994,-2.00349e-08,-9746.68,7.69994,-2.00158e-08,-9745.01,7.69994,-1.98632e-08,-9743.34,7.69994,-1.35246e-11,-9741.68,7.69994,-1.96335e-07,-9740.01,7.69994,-2.20883e-07,-9738.34,7.69993,-2.14032e-06,-9736.68,7.69993,-4.60176e-06,-9735.01,7.6999,-2.60606e-05,-9733.34,7.69986,-1.38695e-05,-9731.68,7.69984,-9.9411e-06,-9730.01,7.69982,-7.81168e-06,
-9748.34,7.69994,-2.00349e-08,-9746.68,7.69994,-2.00158e-08,-9745.01,7.69994,-1.98632e-08,-9743.34,7.69994,-1.96621e-08,-9741.68,7.69994,1.39641e-10,-9740.01,7.69994,-1.9459e-07,-9738.34,7.69994,-2.15494e-07,-9736.68,7.69993,-2.11323e-06,-9735.01,7.69993,-4.48363e-06,-9733.34,7.6999,-2.54137e-05,-9731.68,7.69986,-1.30265e-05,-9730.01,7.69984,-9.84742e-06,-9728.34,7.69982,-8.03959e-06,
-9746.68,7.69994,-2.00158e-08,-9745.01,7.69994,-1.98632e-08,-9743.34,7.69994,-1.96621e-08,-9741.68,7.69994,-1.98034e-08,-9740.01,7.69994,2.29157e-11,-9738.34,7.69994,-1.95865e-07,-9736.68,7.69994,-2.2006e-07,-9735.01,7.69993,-2.13455e-06,-9733.34,7.69993,-4.58877e-06,-9731.68,7.6999,-2.59916e-05,-9730.01,7.69986,-1.37988e-05,-9728.34,7.69984,-9.88658e-06,-9726.68,7.69982,-7.78126e-06,
-9745.01,7.69994,-1.98632e-08,-9743.34,7.69994,-1.96621e-08,-9741.68,7.69994,-1.98034e-08,-9740.01,7.69994,-1.98404e-08,-9738.34,7.69994,-2.15312e-11,-9736.68,7.69994,-1.96065e-07,-9735.01,7.69994,-2.20485e-07,-9733.34,7.69993,-2.13721e-06,-9731.68,7.69993,-4.59478e-06,-9730.01,7.6999,-2.60237e-05,-9728.34,7.69986,-1.38331e-05,-9726.68,7.69984,-9.92431e-06,-9725.01,7.69982,-7.80637e-06,
-9743.34,7.69994,-1.96621e-08,-9741.68,7.69994,-1.98034e-08,-9740.01,7.69994,-1.98404e-08,-9738.34,7.69994,-1.95482e-08,-9736.68,7.69994,-2.4624e-10,-9735.01,7.69994,-1.92836e-07,-9733.34,7.69994,-2.16554e-07,-9731.68,7.69993,-2.08836e-06,-9730.01,7.69993,-4.49001e-06,-9728.34,7.6999,-2.54269e-05,-9726.68,7.69986,-1.34481e-05,-9725.01,7.69984,-9.50135e-06,-9723.34,7.69982,-7.45464e-06,
-9741.68,7.69994,-1.98034e-08,-9740.01,7.69994,-1.98404e-08,-9738.34,7.69994,-1.95482e-08,-9736.68,7.69994,-1.97985e-08,-9735.01,7.69994,-3.08732e-11,-9733.34,7.69994,-1.95483e-07,-9731.68,7.69994,-2.19625e-07,-9730.01,7.69993,-2.12939e-06,-9728.34,7.69993,-4.57581e-06,-9726.68,7.6999,-2.59244e-05,-9725.01,7.69986,-1.37338e-05,-9723.34,7.69984,-9.845e-06,-9721.68,7.69982,-7.7613e-06,
-9740.01,7.69994,-1.98404e-08,-9738.34,7.69994,-1.95482e-08,-9736.68,7.69994,-1.97985e-08,-9735.01,7.69994,-7.03673e-09,-9733.34,7.69994,-7.95607e-11,-9731.68,7.69994,-6.9313e-08,-9730.01,7.69994,-7.42132e-08,-9728.34,7.69994,-7.40846e-07,-9726.68,7.69994,-9.63653e-07,-9725.01,7.69993,-6.38824e-06,-9723.34,7.69992,-3.66964e-06,-9721.68,7.69991,-5.75907e-06,-9720.01,7.6999,-4.70698e-06,
-9738.34,7.69994,-1.95482e-08,-9736.68,7.69994,-1.97985e-08,-9735.01,7.69994,-7.03673e-09,-9733.34,7.69994,-1.99036e-08,-9731.68,7.69994,-3.96358e-11,-9730.01,7.69994,-1.96631e-07,-9728.34,7.69994,-2.21341e-07,-9726.68,7.69993,-2.14337e-06,-9725.01,7.69993,-4.60995e-06,-9723.34,7.6999,-2.60968e-05,-9721.68,7.69986,-1.39185e-05,-9720.01,7.69984,-1.0056e-05,-9718.34,7.69982,-7.94538e-06,
-9736.68,7.69994,-1.97985e-08,-9735.01,7.69994,-7.03673e-09,-9733.34,7.69994,-1.99036e-08,-9731.68,7.69994,-1.99286e-08,-9730.01,7.69994,-4.99802e-11,-9728.34,7.69994,-1.97196e-07,-9726.68,7.69994,-2.22414e-07,-9725.01,7.69993,-2.15198e-06,-9723.34,7.69993,-4.63939e-06,-9721.68,7.6999,-2.62482e-05,-9720.01,7.69986,-1.42321e-05,-9718.34,7.69983,-1.01613e-05,-9716.68,7.69982,-7.93149e-06,
-9735.01,7.69994,-7.03673e-09,-9733.34,7.69994,-1.99036e-08,-9731.68,7.69994,-1.99286e-08,-9730.01,7.69994,-1.96873e-08,-9728.34,7.69994,-1.92583e-11,-9726.68,7.69994,-1.945e-07,-9725.01,7.69994,-2.18444e-07,-9723.34,7.69993,-2.11789e-06,-9721.68,7.69993,-4.54964e-06,-9720.01,7.6999,-2.57851e-05,-9718.34,7.69986,-1.36166e-05,-9716.68,7.69984,-9.75981e-06,-9715.01,7.69982,-7.70789e-06,
-9733.34,7.69994,-1.99036e-08,-9731.68,7.69994,-1.99286e-08,-9730.01,7.69994,-1.96873e-08,-9728.34,7.69994,-1.97094e-08,-9726.68,7.69994,-1.16512e-11,-9725.01,7.69994,-1.94767e-07,-9723.34,7.69994,-2.18861e-07,-9721.68,7.69993,-2.12178e-06,-9720.01,7.69993,-4.55922e-06,-9718.34,7.6999,-2.58344e-05,-9716.68,7.69986,-1.36637e-05,-9715.01,7.69984,-9.80049e-06,-9713.34,7.69982,-7.73333e-06,
-9731.68,7.69994,-1.99286e-08,-9730.01,7.69994,-1.96873e-08,-9728.34,7.69994,-1.97094e-08,-9726.68,7.69994,-1.9728e-08,-9725.01,7.69994,1.63327e-12,-9723.34,7.69994,-1.95026e-07,-9721.68,7.69994,-2.19131e-07,-9720.01,7.69993,-2.12468e-06,-9718.34,7.69993,-4.56711e-06,-9716.68,7.6999,-2.5871e-05,-9715.01,7.69986,-1.3704e-05,-9713.34,7.69984,-9.82818e-06,-9711.68,7.69982,-7.7466e-06,
-9730.01,7.69994,-1.96873e-08,-9728.34,7.69994,-1.97094e-08,-9726.68,7.69994,-1.9728e-08,-9725.01,7.69994,-1.97787e-08,-9723.34,7.69994,2.49495e-11,-9721.68,7.69994,-1.95607e-07,-9720.01,7.69994,-2.19966e-07,-9718.34,7.69993,-2.13218e-06,-9716.68,7.69993,-4.58484e-06,-9715.01,7.6999,-2.59629e-05,-9713.34,7.69986,-1.37905e-05,-9711.68,7.69984,-9.91397e-06,-9710.01,7.69982,-7.80345e-06,
-9728.34,7.69994,-1.97094e-08,-9726.68,7.69994,-1.9728e-08,-9725.01,7.69994,-1.97787e-08,-9723.34,7.69994,-1.95046e-08,-9721.68,7.69994,-1.87012e-11,-9720.01,7.69994,-1.92713e-07,-9718.34,7.69994,-2.16423e-07,-9716.68,7.69993,-2.09843e-06,-9715.01,7.69993,-4.50744e-06,-9713.34,7.6999,-2.5541e-05,-9711.68,7.69986,-1.34515e-05,-9710.01,7.69984,-9.61947e-06,-9708.34,7.69982,-7.57973e-06,
-9726.68,7.69994,-1.9728e-08,-9725.01,7.69994,-1.97787e-08,-9723.34,7.69994,-1.95046e-08,-9721.68,7.69994,-1.97175e-08,-9720.01,7.69994,-1.49767e-11,-9718.34,7.69994,-1.94933e-07,-9716.68,7.69994,-2.19824e-07,-9715.01,7.69993,-2.12769e-06,-9713.34,7.69993,-4.58134e-06,-9711.68,7.6999,-2.59011e-05,-9710.01,7.69986,-1.38655e-05,-9708.34,7.69984,-1.01057e-05,-9706.68,7.69982,-7.98488e-06,
-9725.01,7.69994,-1.97787e-08,-9723.34,7.69994,-1.95046e-08,-9721.68,7.69994,-1.97175e-08,-9720.01,7.69994,-1.94567e-08,-9718.34,7.69994,-1.17456e-11,-9716.68,7.69994,-1.92284e-07,-9715.01,7.69994,-2.15901e-07,-9713.34,7.69993,-2.09359e-06,-9711.68,7.69993,-4.49661e-06,-9710.01,7.6999,-2.54786e-05,-9708.34,7.69986,-1.33956e-05,-9706.68,7.69984,-9.58824e-06,-9705.01,7.69982,-7.5651e-06,
-9723.34,7.69994,-1.95046e-08,-9721.68,7.69994,-1.97175e-08,-9720.01,7.69994,-1.94567e-08,-9718.34,7.69994,-1.94809e-08,-9716.68,7.69994,-3.72382e-11,-9715.01,7.69994,-1.92552e-07,-9713.34,7.69994,-2.16155e-07,-9711.68,7.69993,-2.09615e-06,-9710.01,7.69993,-4.50285e-06,-9708.34,7.6999,-2.55122e-05,-9706.68,7.69986,-1.34259e-05,-9705.01,7.69984,-9.61775e-06,-9703.34,7.69982,-7.58488e-06,
-9721.68,7.69994,-1.97175e-08,-9720.01,7.69994,-1.94567e-08,-9718.34,7.69994,-1.94809e-08,-9716.68,7.69994,-6.7841e-09,-9715.01,7.69994,-9.20536e-11,-9713.34,7.69994,-6.67801e-08,-9711.68,7.69994,-7.41366e-08,-9710.01,7.69994,-7.26125e-07,-9708.34,7.69993,-1.55257e-06,-9706.68,7.69992,-8.3644e-06,-9705.01,7.69991,-3.21149e-06,-9703.34,7.69991,-4.61007e-06,-9701.68,7.6999,-4.16725e-06,
-9720.01,7.69994,-1.94567e-08,-9718.34,7.69994,-1.94809e-08,-9716.68,7.69994,-6.7841e-09,-9715.01,7.69994,-1.96049e-08,-9713.34,7.69994,-4.53223e-11,-9711.68,7.69994,-1.93626e-07,-9710.01,7.69994,-2.17678e-07,-9708.34,7.69993,-2.10917e-06,-9706.68,7.69993,-4.53372e-06,-9705.01,7.6999,-2.56715e-05,-9703.34,7.69986,-1.35837e-05,-9701.68,7.69984,-9.81074e-06,-9700.01,7.69982,-7.76324e-06,
-9718.34,7.69994,-1.94809e-08,-9716.68,7.69994,-6.7841e-09,-9715.01,7.69994,-1.96049e-08,-9713.34,7.69994,-1.96711e-08,-9711.68,7.69994,-3.34043e-11,-9710.01,7.69994,-1.94481e-07,-9708.34,7.69994,-2.19322e-07,-9706.68,7.69993,-2.12178e-06,-9705.01,7.69993,-4.56855e-06,-9703.34,7.6999,-2.58326e-05,-9701.68,7.69986,-1.38059e-05,-9700.01,7.69984,-1.00171e-05,-9698.34,7.69982,-7.86708e-06,
-9716.68,7.69994,-6.7841e-09,-9715.01,7.69994,-1.96049e-08,-9713.34,7.69994,-1.96711e-08,-9711.68,7.69994,-1.95401e-08,-9710.01,7.69994,-9.97419e-12,-9708.34,7.69994,-1.93156e-07,-9706.68,7.69994,-2.17251e-07,-9705.01,7.69993,-2.10474e-06,-9703.34,7.69993,-4.52425e-06,-9701.68,7.6999,-2.56138e-05,-9700.01,7.69986,-1.35372e-05,-9698.34,7.69984,-9.72832e-06,-9696.68,7.69982,-7.65289e-06,
-9715.01,7.69994,-1.96049e-08,-9713.34,7.69994,-1.96711e-08,-9711.68,7.69994,-1.95401e-08,-9710.01,7.69994,-1.95544e-08,-9708.34,7.69994,-3.21394e-11,-9706.68,7.69994,-1.93158e-07,-9705.01,7.69994,-2.17443e-07,-9703.34,7.69993,-2.1068e-06,-9701.68,7.69993,-4.53116e-06,-9700.01,7.6999,-2.56412e-05,-9698.34,7.69986,-1.35827e-05,-9696.68,7.69984,-9.76541e-06,-9695.01,7.69982,-7.67138e-06,
-9713.34,7.69994,-1.96711e-08,-9711.68,7.69994,-1.95401e-08,-9710.01,7.69994,-1.95544e-08,-9708.34,7.69994,-1.95624e-08,-9706.68,7.69994,-5.15482e-11,-9705.01,7.69994,-1.93309e-07,-9703.34,7.69994,-2.17501e-07,-9701.68,7.69993,-2.10627e-06,-9700.01,7.69993,-4.5289e-06,-9698.34,7.6999,-2.56303e-05,-9696.68,7.69986,-1.35645e-05,-9695.01,7.69984,-9.76139e-06,-9693.34,7.69982,-7.67398e-06,
-9711.68,7.69994,-1.95401e-08,-9710.01,7.69994,-1.95544e-08,-9708.34,7.69994,-1.95624e-08,-9706.68,7.69994,-1.95288e-08,-9705.01,7.69994,2.99736e-12,-9703.34,7.69994,-1.93019e-07,-9701.68,7.69994,-2.16977e-07,-9700.01,7.69993,-2.10319e-06,-9698.34,7.69993,-4.52107e-06,-9696.68,7.6999,-2.55943e-05,-9695.01,7.69986,-1.35168e-05,-9693.34,7.69984,-9.73063e-06,-9691.68,7.69982,-7.66031e-06,
-9710.01,7.69994,-1.95544e-08,-9708.34,7.69994,-1.95624e-08,-9706.68,7.69994,-1.95288e-08,-9705.01,7.69994,-1.93947e-08,-9703.34,7.69994,-3.45523e-11,-9701.68,7.69994,-1.91629e-07,-9700.01,7.69994,-2.15601e-07,-9698.34,7.69993,-2.08839e-06,-9696.68,7.69993,-4.48831e-06,-9695.01,7.6999,-2.54049e-05,-9693.34,7.69986,-1.34186e-05,-9691.68,7.69984,-9.67023e-06,-9690.01,7.69982,-7.59723e-06,
-9708.34,7.69994,-1.95624e-08,-9706.68,7.69994,-1.95288e-08,-9705.01,7.69994,-1.93947e-08,-9703.34,7.69994,-1.99234e-08,-9701.68,7.69994,-7.88412e-11,-9700.01,7.69994,-1.96819e-07,-9698.34,7.69994,-2.2177e-07,-9696.68,7.69993,-2.14648e-06,-9695.01,7.69993,-4.62074e-06,-9693.34,7.6999,-2.61207e-05,-9691.68,7.69986,-1.39305e-05,-9690.01,7.69983,-1.01339e-05,-9688.34,7.69982,-8.02411e-06,
